Model,Output File,rouge1,rouge2,rougeL,rougeLsum,meteor,bertscore_f1,kendalls_tau,kendalls_tau_semantic,kendalls_tau_ref
BART,Consolidated_Narrative_BART.txt,0.8789685197588748,0.8046754638622814,0.7919624916275955,0.7586068318821166,0.4550967917173392,0.888027012348175,0.4518316181319218,0.5052265574704594,0.5776389647170265
PEGASUS,Consolidated_Narrative_PEGASUS.txt,0.761731802992881,0.6486342502905851,0.6193520267325294,0.6186255993026296,0.5023292762341156,0.8872189521789551,0.4347961033834796,0.4659081239591454,0.570790811447962
PRIMERA,Consolidated_Narrative_PRIMERA.txt,0.9386403360829167,0.8406881535772334,0.8206433412038882,0.7847045475453068,0.5271944691498109,0.8963639736175537,0.4632920152935577,0.48273949253231624,0.6240964986126233
Gemma-3-4B,Consolidated_Narrative_Gemma-3-4B.txt,0.8258874531993355,0.6664789842628305,0.6751682008839344,0.6403175407482476,0.4852984391050999,0.8992317914962769,0.4583217100944569,0.46056231455089636,0.7718818452929233
BART (No TAEG),Consolidated_Narrative_BART_NoTAEG.txt,0.0064044468612168,0.0044715692791105,0.0049543834209413,0.0049543834209413,0.002030913836494,0.8201671838760376,0.06469214201726264,-0.03065406018370375,0.5340833749804866
PEGASUS (No TAEG),Consolidated_Narrative_PEGASUS_NoTAEG.txt,0.0148449658805219,0.0041906130268199,0.0118520292110618,0.0118520292110618,0.0048873093808089,0.7820505499839783,-0.16814805014400303,-0.052888588534794514,0.38704647270025744
PRIMERA (No TAEG),Consolidated_Narrative_PRIMERA_NoTAEG.txt,0.0229940119760479,0.0153311773865133,0.0179640718562874,0.0179640718562874,0.0067794571508838,0.8504265546798706,-0.31225530230752413,0.017450461905462372,0.3807533348429329
Gemma-3-4B (No TAEG),Consolidated_Narrative_Gemma-3-4B_NoTAEG.txt,0.0306868867082961,0.0140367572711592,0.0221231043710972,0.0230746357418971,0.0097093820094557,0.8408963680267334,0.10547958106423999,0.1329952340760073,0.4551772932016702
